{"Prologue_\u2014_Land_of_Waves": 3.7217865137101307, "Ch\u016bnin_Exams_(Arc)": 3.765166729821944, "Konoha_Crush_(Arc)": 3.619016583108351, "Search_for_Tsunade": 3.8278689704823483, "Land_of_Tea_Escort_Mission": 3.7298565121412697, "Sasuke_Recovery_Mission": 3.781496681415932, "Land_of_Rice_Fields_Investigation_Mission": 3.7689562043795455, "Mizuki_Tracking_Mission": 3.6603865979381385, "Bik\u014dch\u016b_Search_Mission": 3.6211777301927235, "Kurosuki_Family_Removal_Mission": 3.8161892901618906, "Gosunkugi_Capture_Mission": 4.028000000000001, "Cursed_Warrior_Extermination_Mission": 3.638318452380952, "Kaima_Capture_Mission": 3.603946731234865, "Buried_Gold_Excavation_Mission": 3.9196575342465785, "Star_Guard_Mission": 3.83047356828193, "Peddlers_Escort_Mission": 3.748793969849247, "Third_Great_Beast_Arc": 4.058706293706296, "Konoha_Plans_Recapture_Mission": 3.8522767857142894, "Yakumo_Kurama_Rescue_Mission": 3.4840816326530635, "Gantetsu_Escort_Mission": 3.6451010101010133, "Menma_Memory_Search_Mission": 3.833370786516857, "Sunagakure_Support_Mission": 3.475634920634926, "Kazekage_Rescue_Mission": 3.7294322598557614, "Tenchi_Bridge_Reconnaissance_Mission": 3.8494641782059573, "Twelve_Guardian_Ninja_(Arc)": 3.7808868134693348, "Akatsuki_Suppression_Mission": 3.6609552787998707, "Three-Tails'_Appearance": 3.813485357993699, "Itachi_Pursuit_Mission": 3.7589651430896334, "Kakashi_Gaiden": 3.7678254847645247, "Tale_of_Jiraiya_the_Gallant": 3.609133103183709, "Fated_Battle_Between_Brothers": 3.6216949706074115, "Six-Tails_Unleashed": 3.8559326294620173, "Pain's_Assault_(Arc)": 3.7058935283958245, "Past_Arc:_The_Locus_of_Konoha": 3.7323476429991738, "Five_Kage_Summit_(Arc)": 3.6962891223462497, "Fourth_Shinobi_World_War:_Countdown": 3.7752284756528764, "Paradise_Life_on_a_Boat": 3.9331133155284004, "Fourth_Shinobi_World_War:_Confrontation": 3.788211711346993, "Power_(Arc)": 3.4873691099476125, "Fourth_Shinobi_World_War:_Climax": 3.8400000000000025, "Kakashi's_Anbu_Arc:_The_Shinobi_That_Lives_in_the_Darkness": 3.840000000000001, "Birth_of_the_Ten-Tails'_Jinch\u016briki": 3.8400000000000025, "In_Naruto's_Footsteps:_The_Friends'_Paths": 3.840000000000002, "Jiraiya_Shinobi_Handbook:_The_Tale_of_Naruto_the_Hero": 3.840000000000002, "Kaguya_\u014ctsutsuki_Strikes": 3.5126158261582385, "Itachi_Shinden_Book:_Light_and_Darkness": 3.7257462686567124, "Childhood": 3.654744255003694, "Sasuke_Shinden:_Book_of_Sunrise_(Arc)": 3.584910414333693, "Shikamaru_Hiden:_A_Cloud_Drifting_in_Silent_Darkness_(Arc)": 3.57916313559321, "Konoha_Hiden:_The_Perfect_Day_for_a_Wedding_(Arc)": 3.8038364993215503, "Academy_Entrance_Arc": 3.638542706193108, "Naruto_Gaiden:_The_Seventh_Hokage_and_the_Scarlet_Spring": 3.491814415907194, "School_Trip_Arc": 3.504346522781753, "Graduation_Exams_Arc": 3.6111612021857677, "Genin_Mission_Arc": 3.798723404255302, "Byakuya_Gang_Arc": 3.650387931034448, "Versus_Momoshiki_Arc": 3.478267898383366, "Ch\u014dch\u014d_Arc": 3.6535021097046387, "Mitsuki's_Disappearance_Arc": 3.563866730738503, "Parent_and_Child_Day_Arc": 3.929540768509831, "J\u016bgo_Arc": 3.625526381595368, "Steam_Ninja_Scrolls_Arc": 4.005747767857119, "Konohamaru's_Love_Arc": 3.6967977970102077, "One-Tail_Escort_Arc": 3.4705688965122716, "Time_Slip_Arc": 3.4654659389528697, "Mujina_Bandits_Arc": 3.5989989406779515, "Kara_Actuation_Arc": 3.6527576316328823, "Ao_Arc": 3.890696551724132, "Kawaki_Arc": 3.5666943173150654, "Ch\u016bnin_Re-Examination_Arc": 3.7080225261464173, "Great_Sea_Battle_of_Kirigakure_Arc": 3.6435127597268053, "Kawaki_&_Himawari_Academy_Arc": 3.771536390930743, "Labyrinth_Game_Arc": 3.8332735426008933, "Sasuke_Retsuden_Arc": 3.688048780487778, "Code's_Assault_Arc": 3.620747431810123}